company_id,predicted_month,predicted_exposure,current_exposure,exposure_change
1,2023-07-30,830738.3813545718,5800000.0,-4969261.618645428
4,2025-03-31,-34232.431708642136,30000.0,-64232.431708642136
5,2024-10-31,-658650.9550892223,-8100000.0,7441349.044910777
10,2025-03-31,25437.16867889461,50000.0,-24562.83132110539
12,2025-03-31,89586.3310487909,230000.0,-140413.6689512091
13,2025-03-31,15356.697135538003,60000.0,-44643.302864462
14,2023-05-28,-27966.170854428827,-10000.0,-17966.170854428827
15,2024-06-30,45880.733731178305,20000.0,25880.733731178305
19,2024-11-30,-34237.27741169206,-10000.0,-24237.277411692063
23,2025-02-28,-28780.137471850583,-10000.0,-18780.137471850583
24,2025-01-31,23655.0679944906,80000.0,-56344.9320055094
26,2024-11-30,-28950.33044427936,-30000.0,1049.6695557206403
28,2023-06-30,458118.44908073987,20000.0,438118.44908073987
30,2025-03-31,-32943.10844945508,-200000.0,167056.8915505449
31,2023-07-30,-25373.877755999467,-10000.0,-15373.877755999467
32,2025-02-28,-198749.78669745938,-70000.0,-128749.78669745938
33,2024-08-31,147028.18717301168,10000.0,137028.18717301168
34,2024-09-30,-18909.97815487648,-20000.0,1090.0218451235196
35,2023-07-30,-507639.2536787032,-520000.0,12360.746321296785
37,2024-12-30,-20151.77266146129,-10000.0,-10151.772661461291
52,2023-08-31,-30757.273486072118,-40000.0,9242.726513927882
59,2023-12-30,246212.3738806796,170000.0,76212.3738806796
61,2025-03-31,-26954.75066808403,-10000.0,-16954.75066808403
62,2025-03-31,109272.17917300836,360000.0,-250727.82082699164
69,2023-10-31,257804.82377517413,270000.0,-12195.176224825875
72,2023-03-31,-30478.074020187647,-20000.0,-10478.074020187647
75,2025-03-31,2076797.2144650286,3300000.0,-1223202.7855349714
76,2025-03-31,726953.7870109477,910000.0,-183046.2129890523
77,2025-03-31,-148652.84207936018,-110000.0,-38652.84207936018
79,2023-07-30,-80018.12450854632,-80000.0,-18.124508546316065
87,2023-06-30,-52729.93615565306,10000.0,-62729.93615565306
89,2023-05-28,-57377.5537801479,-70000.0,12622.4462198521
90,2025-01-31,33296.05088729681,10000.0,23296.050887296813
91,2025-03-31,172889.46916111364,240000.0,-67110.53083888636
92,2024-11-30,328396.3942278351,540000.0,-211603.60577216488
96,2025-03-31,-29265.677655115145,-40000.0,10734.322344884855
103,2024-08-31,-34680.04856244147,-50000.0,15319.951437558528
107,2023-12-30,881073.7738727332,780000.0,101073.77387273323
108,2025-03-31,52711.57236958565,70000.0,-17288.42763041435
109,2024-04-30,-64004.557972182956,-90000.0,25995.442027817044
111,2025-03-31,256179.27405002044,2200000.0,-1943820.7259499796
121,2024-12-30,-62948.8006579641,-20000.0,-42948.8006579641
122,2025-03-31,14114.55504903905,-50000.0,64114.55504903905
123,2025-02-28,-27663.851660501656,-10000.0,-17663.851660501656
126,2025-03-31,-25694.0034962982,-10000.0,-15694.003496298199
127,2025-02-28,-31805.871552850982,-80000.0,48194.12844714902
128,2025-03-31,-84945.12347347994,-130000.0,45054.87652652006
129,2023-07-30,655612.9141284674,1000000.0,-344387.08587153256
130,2024-07-30,-33327.083237139814,-10000.0,-23327.083237139814
131,2025-02-28,38203.06147588127,40000.0,-1796.9385241187265
132,2024-12-30,-14140.28754897613,-10000.0,-4140.28754897613
133,2024-02-29,-24674.86332441241,-10000.0,-14674.86332441241
137,2025-02-28,-387084.6925189006,-830000.0,442915.3074810994
142,2024-10-31,-33679.662440819244,-50000.0,16320.337559180756
150,2024-09-30,19279.974528466515,20000.0,-720.025471533485
151,2024-12-30,104846.8594348209,150000.0,-45153.1405651791
155,2025-03-31,319178.59385527385,490000.0,-170821.40614472615
161,2025-03-31,-34449.463446651265,-40000.0,5550.536553348735
167,2025-03-31,257067.3850519257,450000.0,-192932.6149480743
168,2025-03-31,-57959.17233591347,-70000.0,12040.82766408653
169,2025-03-31,42241.674444748096,60000.0,-17758.325555251904
170,2025-03-31,110777.06445096446,40000.0,70777.06445096446
171,2025-03-31,28389.669805652917,40000.0,-11610.330194347083
172,2025-03-31,-127231.84503222097,-130000.0,2768.1549677790317
181,2024-04-30,35603.20340715735,40000.0,-4396.796592842649
189,2024-03-31,-51548.94573753747,-40000.0,-11548.94573753747
191,2023-08-31,640906.6808758437,170000.0,470906.68087584374
196,2024-02-29,69036.92481975177,30000.0,39036.92481975177
197,2025-03-31,-92504.3924842796,-140000.0,47495.6075157204
198,2025-01-31,-31975.08414851957,-40000.0,8024.915851480429
199,2025-03-31,-200924.36187994503,-180000.0,-20924.361879945034
203,2025-02-28,-301247.61527648376,-220000.0,-81247.61527648376
205,2024-11-30,158420.93897603807,-20000.0,178420.93897603807
206,2025-03-31,20137.173907695364,20000.0,137.1739076953636
207,2023-03-31,29659.69472559926,20000.0,9659.69472559926
213,2023-12-30,-106422.3080099883,20000.0,-126422.3080099883
215,2025-03-31,205534.08895795012,10000.0,195534.08895795012
217,2023-04-30,-90496.94579077305,50000.0,-140496.94579077305
220,2024-04-30,-13605.170373898973,10000.0,-23605.170373898975
221,2023-09-30,-57851.66324594398,-60000.0,2148.336754056021
222,2025-03-31,57901.68057979478,-30000.0,87901.68057979477
223,2024-11-30,-108877.92412961007,-540000.0,431122.07587038993
227,2024-06-30,-19596.878203213935,10000.0,-29596.878203213935
228,2025-03-31,659043.5120969979,10000.0,649043.5120969979
232,2025-03-31,35328.99746365538,30000.0,5328.997463655382
236,2023-11-30,11075.602139467856,-40000.0,51075.602139467854
242,2023-05-28,146524.28356214755,230000.0,-83475.71643785245
243,2024-12-30,88842.96318626984,40000.0,48842.963186269844
244,2024-11-30,-40190.42601864202,-150000.0,109809.57398135797
246,2024-12-30,-25452.813762308164,-10000.0,-15452.813762308164
247,2025-02-28,277521.25728715176,100000.0,177521.25728715176
248,2023-10-31,-24560.570392412134,-10000.0,-14560.570392412134
253,2025-03-31,49066.18154728539,70000.0,-20933.818452714608
264,2023-03-31,-2195327.738095238,110000.0,-2305327.738095238
270,2023-04-30,-434855.7353837227,-700000.0,265144.2646162773
274,2023-04-30,-981821.9519652891,-2500000.0,1518178.0480347108
275,2025-03-31,-92621.55903492801,-10000.0,-82621.55903492801
276,2024-02-29,-21856.073182324086,-40000.0,18143.926817675914
282,2023-06-30,74602.0219895711,60000.0,14602.021989571105
289,2024-08-31,67118.20176667556,0.0,67118.20176667556
290,2024-08-31,585584.4892501106,740000.0,-154415.51074988942
291,2024-05-29,407266.3410029959,-10000.0,417266.3410029959
292,2025-03-31,-68753.62514272614,-180000.0,111246.37485727386
294,2023-05-28,57371.49016446072,30000.0,27371.490164460723
295,2024-10-31,-26954.750668084027,-10000.0,-16954.750668084027
296,2025-01-31,59341.883030878824,150000.0,-90658.11696912118
297,2025-03-31,-323859.0702644495,-300000.0,-23859.070264449518
306,2023-03-31,673772.4063875773,760000.0,-86227.5936124227
307,2025-03-31,-25708.712913674735,-20000.0,-5708.712913674735
313,2023-11-30,-288273.04824915633,-420000.0,131726.95175084367
314,2023-07-30,-790368.9752366579,-460000.0,-330368.9752366579
316,2023-07-30,-439080.81631633523,-1000000.0,560919.1836836648
328,2023-09-30,63783.62024765729,-30000.0,93783.6202476573
329,2023-03-31,-60586.34445810042,-90000.0,29413.655541899578
333,2024-01-31,35001.72400273662,10000.0,25001.72400273662
335,2025-01-31,-34449.46344665127,-20000.0,-14449.463446651273
338,2024-08-31,223896.3088562721,320000.0,-96103.69114372789
341,2023-11-30,684349.0203247372,670000.0,14349.020324737183
342,2024-01-31,353024.3282175165,30000.0,323024.3282175165
345,2025-03-31,-2463505.0790609233,-2200000.0,-263505.0790609233
348,2024-08-31,-79736.530707308,-70000.0,-9736.530707308004
349,2025-02-28,-31758.92294341742,-30000.0,-1758.9229434174194
350,2024-04-30,-82006.06717697607,-50000.0,-32006.067176976067
351,2023-10-31,-46223.30752486033,-40000.0,-6223.307524860327
358,2025-02-28,-32692.080694529854,-70000.0,37307.919305470146
360,2024-07-30,-27966.170854428838,-20000.0,-7966.170854428838
366,2023-10-31,-34587.51203378384,-10000.0,-24587.512033783838
373,2025-03-31,83207.75520220576,140000.0,-56792.244797794236
377,2023-05-28,-185757.56934599188,-340000.0,154242.43065400812
378,2025-03-31,-30046.144800933005,-10000.0,-20046.144800933005
379,2025-03-31,-34633.26779447737,-90000.0,55366.73220552263
380,2023-09-30,65661.74524061578,310000.0,-244338.2547593842
386,2023-06-30,-50997.93377407189,-50000.0,-997.9337740718911
395,2024-02-29,-30548.154754801973,-20000.0,-10548.154754801973
396,2025-03-31,-28720.65855796358,-30000.0,1279.3414420364206
402,2023-11-30,-32008.31153870263,-10000.0,-22008.31153870263
403,2025-03-31,834491.443270793,940000.0,-105508.55672920705
405,2025-03-31,49425.54871148522,60000.0,-10574.451288514778
416,2025-03-31,40100.25751728874,50000.0,-9899.742482711263
422,2023-09-30,103598.66514045993,160000.0,-56401.334859540075
423,2025-03-31,-28083.897539440124,-10000.0,-18083.897539440124
425,2024-10-31,-138486.46183487662,-170000.0,31513.538165123377
426,2025-02-28,19285.98058327114,20000.0,-714.019416728861
429,2023-08-31,420035.01065333636,1900000.0,-1479964.9893466637
430,2024-03-31,-70041.55012841149,-10000.0,-60041.55012841149
433,2025-03-31,-23330.47885802051,40000.0,-63330.478858020506
436,2025-03-31,-92842.17941832927,-110000.0,17157.820581670734
437,2024-02-29,-27344.337520619218,-20000.0,-7344.337520619218
438,2023-11-30,-84444.51189187788,-260000.0,175555.48810812214
439,2025-03-31,-154289.02333286748,-260000.0,105710.97666713252
440,2025-03-31,-31796.72665218051,-40000.0,8203.27334781949
441,2024-03-31,-15503.535437491755,-10000.0,-5503.535437491755
451,2025-02-28,-32740.353787740944,-50000.0,17259.646212259056
455,2025-02-28,-29120.61064109698,-30000.0,879.3893589030195
456,2025-03-31,917348.0881859883,630000.0,287348.08818598825
457,2025-03-31,-727877.5100952914,-450000.0,-277877.5100952914
458,2025-02-28,792968.1704645961,0.0,792968.1704645961
459,2025-03-31,-30448.704663585337,-30000.0,-448.7046635853367
460,2025-02-28,49425.54871148519,10000.0,39425.54871148519
461,2024-03-31,-32645.40495070301,30000.0,-62645.404950703014
468,2025-03-31,83219.65047587804,90000.0,-6780.349524121964
469,2023-05-28,177411.05395393685,360000.0,-182588.94604606315
471,2025-03-31,-72383.52867425268,140000.0,-212383.52867425268
472,2023-04-30,-45910.836781499136,-160000.0,114089.16321850086
473,2024-05-29,-198801.8672493791,-270000.0,71198.13275062089
474,2025-01-31,-57630.7896942434,-30000.0,-27630.7896942434
475,2024-10-31,-978487.779348514,-2600000.0,1621512.220651486
476,2025-03-31,-190949.11934176637,-450000.0,259050.88065823363
477,2025-03-31,-5592241.666666666,-14300000.0,8707758.333333334
478,2024-04-30,-129084.61503487648,-110000.0,-19084.61503487648
480,2024-04-30,1416116.6369512074,2100000.0,-683883.3630487926
482,2023-07-30,-164467.42684451936,-140000.0,-24467.42684451936
487,2025-03-31,607314.9276765912,-500000.0,1107314.927676591
490,2024-10-31,-24939.69673689954,-70000.0,45060.30326310046
495,2025-02-28,877541.9371895853,730000.0,147541.9371895853
496,2023-12-30,-39267.72485524849,-360000.0,320732.27514475153
497,2023-12-30,-26589.343250019327,-30000.0,3410.6567499806733
498,2024-10-31,-34438.85011645566,-20000.0,-14438.850116455658
501,2023-03-31,24138.998039097947,-180000.0,204138.99803909793
502,2025-03-31,-212425.95755445297,-230000.0,17574.042445547035
503,2025-02-28,-30740.818016067464,-30000.0,-740.8180160674638
504,2025-02-28,1428842.4112419724,2160000.0,-731157.5887580276
505,2024-11-30,4692255.555555556,2300000.0,2392255.555555556
506,2023-08-31,-30931.213767964055,-20000.0,-10931.213767964055
507,2024-01-31,849075.5996237833,1100000.0,-250924.40037621674
510,2024-09-30,-205880.45224953973,-220000.0,14119.547750460275
513,2025-03-31,1891239.7058823528,-4700000.0,6591239.705882353
514,2025-03-31,-34680.048562441465,-60000.0,25319.951437558535
516,2023-06-30,23284.774932290966,50000.0,-26715.225067709034
520,2025-01-31,-165725.09722075675,-200000.0,34274.902779243246
521,2024-08-31,-37390.795958733324,-90000.0,52609.204041266676
523,2024-08-31,-94665.15747460775,-200000.0,105334.84252539225
524,2025-03-31,-654101.1202712987,-1400000.0,745898.8797287013
533,2023-06-30,151127.0067408617,390000.0,-238872.9932591383
534,2025-03-31,-153892.14009369616,-160000.0,6107.859906303842
536,2024-12-30,-25708.712913674735,-20000.0,-5708.712913674735
539,2023-04-30,-29063.21239167907,-80000.0,50936.78760832093
540,2025-03-31,-62227.30038515422,-40000.0,-22227.300385154223
544,2024-03-31,1015.6842493039688,-10000.0,11015.68424930397
547,2025-02-28,25386.5742876517,30000.0,-4613.4257123483
548,2025-03-31,-27805.672366720006,-60000.0,32194.327633279994
551,2023-05-28,24603.077769803695,30000.0,-5396.9222301963055
554,2024-11-30,-82553.03460687051,-20000.0,-62553.03460687051
558,2024-04-30,89454.7468480932,-20000.0,109454.7468480932
562,2025-03-31,-415695.4722557746,-450000.0,34304.5277442254
567,2024-04-30,91034.0048449076,240000.0,-148965.9951550924
578,2023-05-28,-14426.06413979198,10000.0,-24426.064139791983
588,2025-03-31,12441.032022199333,-40000.0,52441.03202219933
591,2024-10-31,345598.80797362054,530000.0,-184401.19202637946
592,2025-01-31,-12332.564288214673,40000.0,-52332.56428821467
593,2025-02-28,-27034.199156644143,-10000.0,-17034.199156644143
594,2025-03-31,19279.974528466515,10000.0,9279.974528466515
596,2024-11-30,-30340.262857021044,-30000.0,-340.2628570210436
597,2025-03-31,79525.3207394263,100000.0,-20474.6792605737
604,2025-02-28,-150885.19127950526,-480000.0,329114.80872049474
605,2025-03-31,-1111489.3515104065,-1300000.0,188510.64848959353
607,2025-03-31,26979.507076368056,-60000.0,86979.50707636806
609,2025-01-31,-161891.80237861042,-270000.0,108108.19762138958
612,2024-12-30,-32724.937457979584,-10000.0,-22724.937457979584
620,2023-07-30,54221.95700908227,130000.0,-75778.04299091773
622,2024-12-30,-24891.89506242156,-10000.0,-14891.895062421561
623,2025-03-31,950969.3625768842,1900000.0,-949030.6374231158
627,2023-09-30,-18064.69762217293,-70000.0,51935.30237782707
628,2023-12-30,-28203.483607082722,-20000.0,-8203.483607082722
638,2024-02-29,-28694.550648524157,-110000.0,81305.44935147584
642,2025-02-28,-9745.68557138909,10000.0,-19745.68557138909
643,2023-06-30,-456186.0161114111,10000.0,-466186.0161114111
648,2025-03-31,-76158.18096663304,-50000.0,-26158.180966633037
650,2025-02-28,152614.89380457037,340000.0,-187385.10619542963
662,2025-02-28,-30062.514378058793,-10000.0,-20062.514378058793
666,2024-01-31,-24674.863324412425,-30000.0,5325.136675587575
667,2024-06-30,443366.99631785956,700000.0,-256633.00368214044
673,2025-01-31,44574.54988068177,60000.0,-15425.45011931823
684,2025-02-28,163296.35276237965,380000.0,-216703.64723762035
691,2023-05-28,-316645.07856355276,-280000.0,-36645.07856355276
694,2024-05-29,467090.17855646013,1600000.0,-1132909.8214435398
702,2024-11-30,-77901.59164913648,40000.0,-117901.59164913648
703,2023-06-30,20770.85422796852,-10000.0,30770.85422796852
713,2024-01-31,-19207.713497191762,-10000.0,-9207.713497191762
714,2024-07-30,-26471500.0,-43000000.0,16528500.0
715,2024-02-29,-179344.79855199356,-510000.0,330655.20144800644
722,2025-02-28,276868.43816227856,300000.0,-23131.56183772144
732,2023-12-30,-19207.713497191762,-10000.0,-9207.713497191762
733,2023-12-30,-152341.7503118832,-170000.0,17658.249688116804
734,2023-09-30,-32092.760538090813,-310000.0,277907.23946190916
735,2025-03-31,142036.21075745375,180000.0,-37963.78924254625
737,2025-03-31,-146176.0663148751,-60000.0,-86176.06631487509
741,2024-02-29,-79207.71540181237,-80000.0,792.2845981876308
742,2023-11-30,705476.8984115617,960000.0,-254523.10158843827
743,2023-10-31,-28809.502507451103,-30000.0,1190.4974925488968
744,2023-08-31,5910400.0,9300000.0,-3389600.0
750,2025-03-31,65352.463787330256,-350000.0,415352.46378733026
751,2025-02-28,669177.3173540866,580000.0,89177.31735408655
758,2023-12-30,-26863.152700342886,-10000.0,-16863.152700342886
767,2025-03-31,-352718.7784142358,-1200000.0,847281.2215857642
768,2024-05-29,1594.6562500314105,10000.0,-8405.34374996859
780,2025-03-31,17995.13593005715,10000.0,7995.135930057149
781,2024-08-31,-11429.163435378137,10000.0,-21429.163435378137
783,2025-01-31,-23291.850294313597,-10000.0,-13291.850294313597
799,2025-03-31,39695.80832038537,50000.0,-10304.191679614632
801,2024-12-30,-24674.86332441243,-10000.0,-14674.863324412428
804,2025-03-31,-27344.337520619225,-10000.0,-17344.337520619225
805,2025-01-31,-36251.06346612247,-250000.0,213748.93653387754
808,2025-03-31,-33528.99757130365,-60000.0,26471.002428696353
813,2025-03-31,-18388.341104809853,20000.0,-38388.34110480985
822,2025-01-31,-81127.30534156435,-100000.0,18872.69465843565
829,2024-09-30,-19207.71349719176,-10000.0,-9207.713497191759
830,2024-08-31,-27805.672366720006,-20000.0,-7805.672366720006
831,2023-11-30,39692.073865982915,10000.0,29692.073865982915
833,2024-02-29,-155231.7746574715,70000.0,-225231.7746574715
837,2024-09-30,-62262.18617307222,-190000.0,127737.81382692777
846,2024-05-29,-2177532.524607204,-2900000.0,722467.4753927961
847,2024-08-31,18088.588608384027,30000.0,-11911.411391615973
850,2025-02-28,-5356193.525430837,-4500000.0,-856193.5254308367
851,2025-02-28,-15360.326090014458,20000.0,-35360.32609001446
854,2025-03-31,16216.888179280942,-140000.0,156216.88817928094
856,2024-01-31,-24939.69673689954,-60000.0,35060.30326310046
864,2024-12-30,-29679.598899809524,-10000.0,-19679.598899809524
867,2024-04-30,-119226.0838726311,-130000.0,10773.916127368895
868,2023-12-30,-31176.68666086036,-10000.0,-21176.68666086036
869,2024-09-30,-19207.713497191762,-10000.0,-9207.713497191762
873,2023-10-31,-29081.873307289057,-20000.0,-9081.873307289057
877,2025-01-31,-39957.17492375944,-160000.0,120042.82507624055
878,2024-03-31,-23357.812149324873,60000.0,-83357.81214932488
884,2025-03-31,-290707.69430124783,-360000.0,69292.30569875217
898,2024-12-30,-23898.483275281153,-10000.0,-13898.483275281153
899,2024-10-31,-946103.9207606119,-11000000.0,10053896.079239389
908,2024-03-31,-64479.90799338674,-10000.0,-54479.90799338674
914,2024-12-30,-21609.611845495776,-10000.0,-11609.611845495776
920,2023-10-31,-106245.8577293985,-150000.0,43754.1422706015
924,2025-02-28,-25708.712913674735,-10000.0,-15708.712913674735
926,2025-01-31,-43795.611247829685,20000.0,-63795.611247829685
941,2025-03-31,-142567.1580491133,-30000.0,-112567.15804911329
942,2024-12-30,-28841.297890228583,-40000.0,11158.702109771417
951,2024-08-31,-30246.318725884877,-70000.0,39753.68127411512
957,2024-09-30,-22006.738497696882,-10000.0,-12006.738497696882
958,2024-07-30,65991.18969636133,70000.0,-4008.8103036386747
960,2024-09-30,-27423.607033653363,10000.0,-37423.60703365336
965,2024-08-31,88361.74203865191,170000.0,-81638.25796134809
969,2023-11-30,65346.72257178273,50000.0,15346.722571782731
975,2025-01-31,-25708.71291367473,-20000.0,-5708.712913674732
983,2025-03-31,16007.37146733304,20000.0,-3992.6285326669604
984,2024-06-30,-91831.40665138866,-150000.0,58168.593348611335
986,2024-12-30,167025.10778824196,180000.0,-12974.892211758037
990,2024-11-30,-22006.73849769689,-20000.0,-2006.7384976968897
1006,2023-12-30,19713.97856723664,-30000.0,49713.97856723664
1009,2025-02-28,-56516.815556297806,-30000.0,-26516.815556297806
1015,2023-12-30,21321.332580889397,-20000.0,41321.3325808894
1027,2024-11-30,-24560.570392412137,-10000.0,-14560.570392412137
1029,2024-11-30,-19207.713497191762,-10000.0,-9207.713497191762
1032,2025-03-31,550275.8823445627,790000.0,-239724.11765543732
1034,2024-02-29,-30246.318725884877,-80000.0,49753.68127411512
1037,2023-08-31,22096.331565479184,10000.0,12096.331565479184
1038,2025-03-31,75375.39431870054,140000.0,-64624.605681299465
1039,2025-03-31,-28267.906689867305,-40000.0,11732.093310132695
1041,2025-03-31,-179427.18361616027,-220000.0,40572.81638383973
1043,2024-08-31,-540091.814016843,-790000.0,249908.18598315702
1045,2024-02-29,-30965.101774338236,30000.0,-60965.10177433824
1063,2025-03-31,-23939.13789358948,-60000.0,36060.862106410525
1064,2025-03-31,334826.80419560283,420000.0,-85173.19580439717
1067,2024-12-30,-24560.570392412137,-10000.0,-14560.570392412137
1078,2024-01-31,-8886.367236360222,30000.0,-38886.36723636022
1103,2023-12-30,821547.5973305749,-1000000.0,1821547.5973305749
1108,2024-01-31,155894.5222424408,160000.0,-4105.477757559187
1113,2023-11-30,289324.6009617997,20000.0,269324.6009617997
1116,2025-01-31,-29527.71090859668,-130000.0,100472.28909140332
1119,2025-02-28,74502.80948399018,110000.0,-35497.190516009825
1120,2024-02-29,84257.8269778615,70000.0,14257.826977861507
1122,2024-07-30,-21401.426356605305,-30000.0,8598.573643394695
1123,2023-09-30,42893.270211094336,-30000.0,72893.27021109434
1125,2024-04-30,4564.167714779522,80000.0,-75435.83228522047
1132,2023-10-31,11997.619575201532,30000.0,-18002.380424798466
1134,2024-01-31,-68200.26989452365,-100000.0,31799.730105476352
1138,2024-06-30,-92529.35445987899,90000.0,-182529.354459879
1144,2023-11-30,-100523.8328565711,-30000.0,-70523.8328565711
1149,2024-03-31,163994.40775878972,200000.0,-36005.59224121028
1150,2024-08-31,-29420.141500124137,-90000.0,60579.85849987586
1156,2025-03-31,95582.95993811298,300000.0,-204417.040061887
1159,2024-11-30,31018.729618682322,240000.0,-208981.27038131768
1167,2025-01-31,-28540.158737814338,-50000.0,21459.841262185662
1172,2023-12-30,-32908.74180580566,-60000.0,27091.258194194343
1174,2024-04-30,-32781.7982720162,120000.0,-152781.7982720162
1182,2024-08-31,477771.4916400135,590000.0,-112228.50835998647
1188,2024-10-31,-32156.687218758194,-30000.0,-2156.687218758194
1190,2023-11-30,36374.87360051373,60000.0,-23625.126399486267
1194,2025-02-28,152820.66997255426,160000.0,-7179.330027445743
1198,2025-03-31,-34863.85291026756,-60000.0,25136.14708973244
1202,2024-06-30,-1107647.0914321642,-4700000.0,3592352.9085678356
1214,2024-08-31,-28203.483607082715,-10000.0,-18203.483607082715
1217,2024-02-29,-136029.24177973624,30000.0,-166029.24177973624
1220,2025-02-28,320593.2764024243,860000.0,-539406.7235975757
1221,2024-10-31,207345.74625361155,-10000.0,217345.74625361155
1222,2024-06-30,-24108.604789797555,-20000.0,-4108.604789797555
1229,2024-07-30,675777.4865524877,370000.0,305777.4865524877
1232,2024-11-30,-28583.236870338806,-50000.0,21416.763129661194
1241,2023-12-30,-348529.20762685523,-270000.0,-78529.20762685523
1265,2024-01-31,144541.65733224165,-450000.0,594541.6573322417
1272,2025-03-31,18066.30710122832,10000.0,8066.307101228322
1290,2025-02-28,-52149.83104211821,-70000.0,17850.16895788179
1296,2025-01-31,-23217.2888399776,-290000.0,266782.7111600224
1298,2024-05-29,-375205.4049236478,-340000.0,-35205.40492364782
1302,2024-05-29,-20151.772661461295,-10000.0,-10151.772661461295
1303,2024-10-31,-26088.81771577502,-20000.0,-6088.8177157750215
1304,2024-05-29,-267727.34216019564,-1200000.0,932272.6578398044
1311,2023-12-30,-60090.60817661753,60000.0,-120090.60817661753
1319,2025-01-31,22375.131876227053,20000.0,2375.131876227053
1320,2024-01-31,-293495.94966187724,-330000.0,36504.05033812276
1324,2024-04-30,-58977.32871079464,-70000.0,11022.671289205362
1327,2025-03-31,-34448.96282642909,-20000.0,-14448.962826429088
1343,2025-03-31,-336.324585995309,-110000.0,109663.6754140047
1359,2024-01-31,-24891.89506242156,-20000.0,-4891.895062421561
1361,2025-03-31,-426681.8023992354,-180000.0,-246681.80239923543
1365,2024-03-31,-125177.5417719844,-60000.0,-65177.5417719844
1367,2024-05-29,-74650.08588878633,-70000.0,-4650.085888786329
1370,2024-01-31,79145.75079279605,-80000.0,159145.75079279605
1388,2025-03-31,22114.542345173428,10000.0,12114.542345173428
1400,2024-02-29,-24939.696736899543,-50000.0,25060.303263100457
1402,2024-01-31,-2770642.757657141,-1500000.0,-1270642.757657141
1413,2024-03-31,-28539.562054790113,-20000.0,-8539.562054790113
1418,2024-01-31,100375.94030504316,0.0,100375.94030504316
1422,2024-07-30,43258.372921145856,330000.0,-286741.62707885413
1429,2025-02-28,-25708.71291367475,-10000.0,-15708.71291367475
1432,2024-06-30,59092.02565011556,-100000.0,159092.02565011557
1443,2025-03-31,76291.6698904399,80000.0,-3708.3301095601055
1449,2025-02-28,-21401.426356605305,-30000.0,8598.573643394695
1451,2024-06-30,-1013831.648752581,-170000.0,-843831.648752581
1455,2025-03-31,22988.492774340288,-30000.0,52988.49277434029
1459,2024-03-31,-195002.55323041906,40000.0,-235002.55323041906
1460,2024-12-30,-13296.719535359789,10000.0,-23296.71953535979
1462,2024-11-30,37321.0073058589,130000.0,-92678.99269414111
1466,2025-02-28,18066.30710122832,10000.0,8066.307101228322
1467,2024-02-29,-151708.65966862257,-340000.0,188291.34033137743
1481,2025-03-31,78488.0799075469,-460000.0,538488.0799075469
1486,2024-12-30,260308.5664260676,1010000.0,-749691.4335739324
1487,2024-12-30,27767.22993674033,110000.0,-82232.77006325967
1494,2024-03-31,-78595.95736487344,-80000.0,1404.0426351265633
1500,2024-06-30,339092.9946739708,420000.0,-80907.0053260292
1535,2024-03-31,2509.399598242806,40000.0,-37490.6004017572
1541,2025-01-31,1023250.6386788305,1210000.0,-186749.36132116953
1546,2025-02-28,-288194.87419698265,-270000.0,-18194.87419698265
1551,2024-03-31,-201116.37622955558,-230000.0,28883.62377044442
1556,2024-06-30,-26488.41051157813,-10000.0,-16488.41051157813
1561,2024-06-30,-141408.02476295133,-90000.0,-51408.02476295133
1564,2025-03-31,245132.09284665738,270000.0,-24867.907153342618
1572,2024-08-31,-1046496.1176465766,-190000.0,-856496.1176465766
1589,2025-03-31,-414468.53412814304,-400000.0,-14468.534128143045
1594,2024-11-30,-67296.99830284502,10000.0,-77296.99830284502
1597,2024-08-31,-2269106.2477909154,-1200000.0,-1069106.2477909154
1609,2025-03-31,-130340.28824655672,-40000.0,-90340.28824655672
1610,2024-10-31,-87700.79427887604,-20000.0,-67700.79427887604
1613,2024-04-30,32080.480553572444,-10000.0,42080.480553572444
1617,2025-02-28,-147174.57052824757,50000.0,-197174.57052824757
1625,2024-05-29,74690.01171760485,50000.0,24690.01171760485
1636,2024-04-30,17767.89128716761,10000.0,7767.891287167611
1638,2025-02-28,-25745.34485773831,-10000.0,-15745.34485773831
1646,2025-02-28,346099.5162319532,-20000.0,366099.5162319532
1654,2025-03-31,393383.29354248854,920000.0,-526616.7064575115
1656,2024-11-30,8103300.0,14220000.0,-6116700.0
1657,2024-12-30,-85223.43843479535,-180000.0,94776.56156520465
1658,2024-12-30,64188.5512707372,50000.0,14188.551270737204
1685,2024-04-30,-34237.277411692055,-70000.0,35762.722588307945
1689,2025-02-28,-84487.45902378163,-20000.0,-64487.45902378163
1690,2024-07-30,-37160.939034043564,-130000.0,92839.06096595644
1692,2025-02-28,485291.526359361,350000.0,135291.526359361
1693,2024-05-29,54091.13708884337,220000.0,-165908.86291115664
1700,2025-03-31,39962.30253048333,130000.0,-90037.69746951667
1701,2025-03-31,-62120.99706739866,-180000.0,117879.00293260135
1707,2025-03-31,35419.333872409006,140000.0,-104580.66612759099
1708,2025-03-31,-27932.943464245775,-30000.0,2067.0565357542255
1717,2024-12-30,-81261.0934158549,-20000.0,-61261.093415854906
1722,2024-05-29,-11094.92147799646,-30000.0,18905.07852200354
1724,2025-03-31,-2297.6290453089837,-10000.0,7702.370954691016
1750,2025-03-31,-32513.352571457443,-30000.0,-2513.3525714574425
1755,2024-10-31,23468.186036793897,-40000.0,63468.18603679389
1766,2024-07-30,-73960.55061388378,-30000.0,-43960.55061388378
1770,2024-06-30,19302.25603562222,30000.0,-10697.74396437778
1774,2025-03-31,68704.14463804293,340000.0,-271295.8553619571
1776,2025-03-31,194499.14721513924,40000.0,154499.14721513924
1780,2025-03-31,28673.985871006913,100000.0,-71326.01412899309
1781,2025-03-31,-220013.13070488314,-520000.0,299986.86929511686
1796,2025-03-31,-36529.970213928136,-60000.0,23470.029786071864
1806,2025-01-31,54289.2658333507,120000.0,-65710.7341666493
1820,2025-03-31,87650.69645225575,130000.0,-42349.303547744246
1827,2025-03-31,-89740.9216496603,40000.0,-129740.9216496603
1836,2025-02-28,-214591.460367059,170000.0,-384591.460367059
1838,2025-03-31,-35630.056083440286,0.0,-35630.056083440286
1848,2025-02-28,27041.495921392645,50000.0,-22958.504078607355
1854,2024-07-30,-342904.05992205086,-240000.0,-102904.05992205086
1855,2025-03-31,758359.4779277268,1800000.0,-1041640.5220722732
1858,2024-09-30,-18158.423691567776,-620000.0,601841.5763084323
1860,2025-03-31,240184.48230915447,510000.0,-269815.51769084553
1863,2025-03-31,-32724.937457979588,-20000.0,-12724.937457979588
1864,2025-01-31,-867207.7559089153,-2300000.0,1432792.2440910847
1878,2025-02-28,-30873.08442847188,-30000.0,-873.0844284718805
1894,2025-03-31,618546.425748883,1080000.0,-461453.57425111695
1931,2025-03-31,-22006.73849769689,-20000.0,-2006.7384976968897
1937,2024-09-30,-794.4067738226291,-10000.0,9205.59322617737
1938,2025-03-31,-211908.29965797474,-450000.0,238091.70034202526
1941,2024-09-30,46980.90254448924,-490000.0,536980.9025444892
1944,2024-08-31,28366.442045173546,10000.0,18366.442045173546
1949,2025-03-31,-148520.70499712302,-180000.0,31479.295002876985
1951,2025-02-28,26790.597495494225,40000.0,-13209.402504505775
1962,2025-03-31,-35436.413045371846,-70000.0,34563.586954628154
1967,2024-09-30,-29933.708040385263,-20000.0,-9933.708040385263
1979,2025-03-31,-36404.574551113175,0.0,-36404.574551113175
1994,2025-03-31,-74715.5313656304,-20000.0,-54715.531365630406
1997,2025-03-31,-34680.04856244147,-10000.0,-24680.048562441472
1999,2025-01-31,-38019.655685681246,-110000.0,71980.34431431876
2009,2024-10-31,56568.84487932092,10000.0,46568.84487932092
2016,2025-03-31,202889.9296844546,10000.0,192889.9296844546
2025,2024-12-30,172489.87681431673,1300000.0,-1127510.1231856833
2042,2025-03-31,-692794.6332661407,-950000.0,257205.3667338593
2053,2024-12-30,461254.8958066715,870000.0,-408745.1041933285
2058,2024-11-30,-73004.4704871691,-190000.0,116995.5295128309
2069,2025-03-31,31176.79651659338,-40000.0,71176.79651659337
2089,2025-02-28,89720.76098691262,40000.0,49720.76098691262
2092,2025-01-31,-23109.778103521257,10000.0,-33109.778103521254
2096,2025-03-31,5178443.333333334,5500000.0,-321556.66666666605
2097,2025-03-31,887730.515524549,1070000.0,-182269.48447545106
2098,2025-03-31,4965741.666666667,7500000.0,-2534258.333333333
2099,2025-03-31,-81622.41540816914,-130000.0,48377.58459183086
2103,2025-02-28,-183739.3320901373,-220000.0,36260.66790986271
2104,2024-11-30,817525.8827500455,-180000.0,997525.8827500455
2112,2024-12-30,-26184.153915207902,-20000.0,-6184.153915207902
2113,2025-02-28,-79760.90995595745,-90000.0,10239.090044042547
2114,2025-03-31,19606.67790448755,40000.0,-20393.32209551245
2116,2025-03-31,-91207.88258408738,-180000.0,88792.11741591262
2121,2025-03-31,562562.8380306159,1460000.0,-897437.1619693841
2124,2025-03-31,-147830.9131339785,-410000.0,262169.0868660215
2136,2025-03-31,-285482.88562752143,-270000.0,-15482.885627521435
2140,2024-10-31,-333225.1858737348,30000.0,-363225.1858737348
2148,2025-03-31,-2238.903218848893,150000.0,-152238.9032188489
2163,2024-10-31,2716.735439216797,-50000.0,52716.7354392168
2164,2025-03-31,-162086.75552539722,-300000.0,137913.24447460278
2168,2025-03-31,92179.7850802105,180000.0,-87820.2149197895
2170,2025-03-31,1811102.7380952379,60000.0,1751102.7380952379
2173,2025-03-31,6591835.0,7840000.000000001,-1248165.000000001
2185,2025-03-31,81140.07764535709,100000.0,-18859.922354642913
2194,2025-03-31,-77593.64237638986,-100000.0,22406.357623610136
2195,2024-12-30,-19207.713497191755,-10000.0,-9207.713497191755
2209,2025-03-31,-570793.9286327069,-930000.0,359206.07136729313
2211,2024-11-30,116156.16923276376,10000.0,106156.16923276376
2213,2025-03-31,239043.83227651185,380000.0,-140956.16772348815
2214,2024-11-30,224388.95604319512,260000.0,-35611.043956804875
2236,2025-02-28,7866.6156995841175,-70000.0,77866.61569958412
2250,2025-03-31,42777.34064552473,60000.0,-17222.65935447527
2259,2025-03-31,-88473.4679712352,-150000.0,61526.53202876481
2263,2025-03-31,83962.9148588992,-40000.0,123962.9148588992
2266,2025-02-28,1276240.934824111,680000.0,596240.9348241109
2279,2025-03-31,-154495.43930574064,-280000.0,125504.56069425936
2281,2025-01-31,-451714.57303034776,-670000.0,218285.42696965224
2297,2025-02-28,406235.16395600094,630000.0,-223764.83604399906
2301,2025-03-31,-19546.46052036971,-20000.0,453.53947963028986
2307,2025-03-31,-26274.029344653372,60000.0,-86274.02934465338
2310,2025-03-31,284404.8068417232,180000.0,104404.80684172321
2311,2025-03-31,769464.9740609289,940000.0,-170535.02593907109
2320,2025-03-31,222070.27920900806,330000.0,-107929.72079099194
2321,2025-01-31,59432.27627840857,-20000.0,79432.27627840856
2323,2025-02-28,-88850.67838910197,-140000.0,51149.32161089803
2332,2025-03-31,-7022.243745862602,100000.0,-107022.24374586261
2343,2025-03-31,-59488.75100870308,0.0,-59488.75100870308
2345,2025-02-28,82133.13336662874,10000.0,72133.13336662874
2346,2025-01-31,456407.37904879963,2340000.0,-1883592.6209512004
2353,2025-02-28,735086.6457748482,520000.0,215086.64577484818
2355,2025-03-31,-72519.43944393731,-20000.0,-52519.43944393731
2357,2025-02-28,-27815.523575295127,-50000.0,22184.476424704873
2358,2025-01-31,-35436.41304537185,-90000.0,54563.58695462815
2359,2025-03-31,-162910.2239145144,-170000.0,7089.776085485588
2363,2025-03-31,-24674.86332441241,-20000.0,-4674.86332441241
2365,2025-02-28,-272717.6730158303,-500000.0,227282.32698416972
2366,2025-01-31,-28149.97520225492,-30000.0,1850.0247977450817
2374,2025-03-31,-71888.33159154891,-10000.0,-61888.33159154891
2406,2025-02-28,-144966.06725239105,-290000.0,145033.93274760895
2413,2025-03-31,-71025.96146036877,-20000.0,-51025.961460368766
2416,2025-03-31,-139424.02836721443,-90000.0,-49424.02836721443
2417,2025-03-31,-1326022.0827683005,-500000.0,-826022.0827683005
2431,2025-02-28,24861.002901656066,20000.0,4861.002901656066
2434,2025-03-31,385001.7158948726,460000.0,-74998.28410512739
2448,2025-03-31,-798567.5913054463,-1800000.0,1001432.4086945537
2463,2025-03-31,-30448.704663585337,-20000.0,-10448.704663585337
2490,2025-03-31,96278.91123617752,10000.0,86278.91123617752
2505,2025-03-31,86581.24994337531,40000.0,46581.24994337531
2508,2025-03-31,-24674.86332441241,-10000.0,-14674.86332441241
2511,2025-03-31,527597.5333963264,620000.0,-92402.46660367365
2523,2025-03-31,719004.9200669717,-330000.0,1049004.9200669718
2525,2025-03-31,-194711.8442507372,-470000.0,275288.1557492628
