spot_S0,K,days,vol,rd,rf,call,put
1115.9515548001666,1060.1539770601582,30,0.12,0.035,0.045,55.90074220997519,1.177657309314455
1115.9515548001666,1115.9515548001666,30,0.12,0.035,0.045,14.812421108126387,15.726631022142442
1115.9515548001666,1171.749132540175,30,0.12,0.035,0.045,1.3094776101200694,57.860982338812846
1115.9515548001666,1060.1539770601582,90,0.12,0.035,0.045,60.04542487615595,7.451971743890027
1115.9515548001666,1115.9515548001666,90,0.12,0.035,0.045,24.92434439431463,27.649000179337577
1115.9515548001666,1171.749132540175,90,0.12,0.035,0.045,7.283113010127636,65.32587771243925
1115.9515548001666,1060.1539770601582,180,0.12,0.035,0.045,65.86373990117579,16.416812947784763
1115.9515548001666,1115.9515548001666,180,0.12,0.035,0.045,34.138278703901904,39.53411192271176
1115.9515548001666,1171.749132540175,180,0.12,0.035,0.045,14.979402735803205,75.21799612681423
